Variable,Treated_Mean,Treated_SD,Control_Mean,Control_SD,Difference,t-statistic,p-value,Treated_N,Control_N
RAIN_JJAS,324.2656084716573,104.76767840539775,581.173092862892,188.38559104538407,-256.9074843912347,-20.179910422990663,2.110617494463124e-37,78,1662
elevation,992.924877647234,300.1754082748116,1818.8366724711204,631.9925324368963,-825.9117948238865,-22.108843624256814,1.096769443688249e-42,78,1662
slope,5.776395553330755,5.323959624446505,11.39673400856519,6.142240481014903,-5.620338455234434,-9.045183442780818,3.661458992021528e-14,78,1662
NDVI,0.678980751496268,0.06925679254093735,0.6598294092904422,0.09254278297020123,0.019151342205825816,1.6676655478436648,0.10253612194674314,39,963
