spec,coef,ci_low,ci_high,N
High exposure (≥0.2) × post,0.0002740103447664883,-0.019766534916969395,0.02031455560650237,5322
