Zone,ATT
Zone  03,-0.07752021918442961
North Shewa,-0.0004919329306979758
